ndvi,spc_fitted,spc_lower_95,spc_upper_95
0.18976111,19.95635064,14.39171502,25.52098626
0.19184606,20.08745758,14.53891686,25.63599830
0.19393102,20.21920827,14.68709918,25.75131736
0.19601598,20.35160303,14.83626136,25.86694470
0.19810093,20.48464211,14.98640261,25.98288161
0.20018589,20.61832574,15.13752198,26.09912949
0.20227084,20.75265410,15.28961835,26.21568985
0.20435580,20.88762733,15.44269039,26.33256427
0.20644076,21.02324554,15.59673663,26.44975445
0.20852571,21.15950877,15.75175536,26.56726217
0.21061067,21.29641704,15.90774472,26.68508935
0.21269563,21.43397031,16.06470262,26.80323801
0.21478058,21.57216853,16.22262678,26.92171027
0.21686554,21.71101156,16.38151472,27.04050840
0.21895049,21.85049924,16.54136371,27.15963477
0.22103545,21.99063137,16.70217084,27.27909190
0.22312041,22.13140769,16.86393294,27.39888245
0.22520536,22.27282791,17.02664662,27.51900920
0.22729032,22.41489168,17.19030826,27.63947509
0.22937528,22.55759860,17.35491398,27.76028322
0.23146023,22.70094825,17.52045966,27.88143684
0.23354519,22.84494013,17.68694091,28.00293935
0.23563015,22.98957371,17.85435307,28.12479435
0.23771510,23.13484842,18.02269123,28.24700561
0.23980006,23.28076361,18.19195018,28.36957705
0.24188501,23.42731863,18.36212442,28.49251283
0.24396997,23.57451272,18.53320816,28.61581728
0.24605493,23.72234513,18.70519532,28.73949494
0.24813988,23.87081502,18.87807949,28.86355056
0.25022484,24.01992153,19.05185393,28.98798912
0.25230980,24.16966371,19.22651159,29.11281583
0.25439475,24.32004060,19.40204508,29.23803612
0.25647971,24.47105116,19.57844664,29.36365568
0.25856466,24.62269432,19.75570818,29.48968046
0.26064962,24.77496895,19.93382123,29.61611667
0.26273458,24.92787386,20.11277693,29.74297079
0.26481953,25.08140781,20.29256605,29.87024958
0.26690449,25.23556953,20.47317894,29.99796012
0.26898945,25.39035766,20.65460557,30.12610976
0.27107440,25.54577082,20.83683545,30.25470619
0.27315936,25.70180756,21.01985769,30.38375742
0.27524432,25.85846637,21.20366094,30.51327180
0.27732927,26.01574570,21.38823338,30.64325802
0.27941423,26.17364395,21.57356274,30.77372515
0.28149918,26.33215944,21.75963627,30.90468262
0.28358414,26.49129047,21.94644070,31.03614024
0.28566910,26.65103526,22.13396228,31.16810824
0.28775405,26.81139198,22.32218671,31.30059725
0.28983901,26.97235875,22.51109919,31.43361831
0.29192397,27.13393363,22.70068434,31.56718292
0.29400892,27.29611463,22.89092624,31.70130303
0.29609388,27.45889970,23.08180838,31.83599103
0.29817883,27.62228673,23.27331366,31.97125980
0.30026379,27.78627357,23.46542440,32.10712273
0.30234875,27.95085798,23.65812229,32.24359368
0.30443370,28.11603771,23.85138839,32.38068703
0.30651866,28.28181042,24.04520312,32.51841772
0.30860362,28.44817372,24.23954625,32.65680119
0.31068857,28.61512517,24.43439688,32.79585345
0.31277353,28.78266226,24.62973344,32.93559108
0.31485848,28.95078244,24.82553369,33.07603120
0.31694344,29.11948310,25.02177465,33.21719155
0.31902840,29.28876156,25.21843268,33.35909044
0.32111335,29.45861510,25.41548342,33.50174677
0.32319831,29.62904091,25.61290176,33.64518006
0.32528327,29.80003618,25.81066192,33.78941043
0.32736822,29.97159798,26.00873737,33.93445859
0.32945318,30.14372337,26.20710084,34.08034589
0.33153814,30.31640932,26.40572438,34.22709426
0.33362309,30.48965277,26.60457929,34.37472625
0.33570805,30.66345057,26.80363617,34.52326498
0.33779300,30.83779956,27.00286492,34.67273419
0.33987796,31.01269647,27.20223477,34.82315817
0.34196292,31.18813801,27.40171426,34.97456176
0.34404787,31.36412082,27.60127130,35.12697034
0.34613283,31.54064148,27.80087316,35.28040980
0.34821779,31.71769651,28.00048653,35.43490650
0.35030274,31.89528239,28.20007754,35.59048725
0.35238770,32.07339553,28.39961180,35.74717926
0.35447265,32.25203228,28.59905446,35.90501010
0.35655761,32.43118894,28.79837022,36.06400766
0.35864257,32.61086175,28.99752342,36.22420008
0.36072752,32.79104690,29.19647812,36.38561569
0.36281248,32.97174053,29.39519809,36.54828296
0.36489744,33.15293869,29.59364698,36.71223039
0.36698239,33.33463741,29.79178832,36.87748649
0.36906735,33.51683265,29.98958564,37.04407966
0.37115231,33.69952032,30.18700256,37.21203808
0.37323726,33.88269627,30.38400287,37.38138967
0.37532222,34.06635629,30.58055063,37.55216196
0.37740717,34.25049613,30.77661028,37.72438198
0.37949213,34.43511147,30.97214676,37.89807618
0.38157709,34.62019795,31.16712559,38.07327031
0.38366204,34.80575114,31.36151299,38.24998929
0.38574700,34.99176657,31.55527600,38.42825714
0.38783196,35.17823971,31.74838260,38.60809682
0.38991691,35.36516598,31.94080180,38.78953016
0.39200187,35.55254074,32.13250376,38.97257772
0.39408682,35.74035931,32.32345991,39.15725871
0.39617178,35.92861695,32.51364303,39.34359087
0.39825674,36.11730887,32.70302736,39.53159037
0.40034169,36.30643022,32.89158871,39.72127173
0.40242665,36.49597612,33.07930450,39.91264774
0.40451161,36.68594162,33.26615387,40.10572936
0.40659656,36.87632172,33.45211776,40.30052569
0.40868152,37.06711139,33.63717891,40.49704387
0.41076648,37.25830553,33.82132197,40.69528910
0.41285143,37.44989901,34.00453350,40.89526452
0.41493639,37.64188662,34.18680199,41.09697125
0.41702134,37.83426314,34.36811790,41.30040838
0.41910630,38.02702328,34.54847363,41.50557293
0.42119126,38.22016171,34.72786354,41.71245988
0.42327621,38.41367305,34.90628387,41.92106222
0.42536117,38.60755187,35.08373280,42.13137095
0.42744613,38.80179272,35.26021031,42.34337513
0.42953108,38.99639007,35.43571818,42.55706195
0.43161604,39.19133837,35.61025993,42.77241680
0.43370099,39.38663201,35.78384072,42.98942329
0.43578595,39.58226535,35.95646730,43.20806340
0.43787091,39.77823271,36.12814791,43.42831751
0.43995586,39.97452835,36.29889220,43.65016451
0.44204082,40.17114651,36.46871115,43.87358188
0.44412578,40.36808137,36.63761695,44.09854580
0.44621073,40.56532709,36.80562293,44.32503125
0.44829569,40.76287777,36.97274345,44.55301209
0.45038065,40.96072749,37.13899381,44.78246116
0.45246560,41.15887027,37.30439014,45.01335039
0.45455056,41.35730012,37.46894934,45.24565089
0.45663551,41.55601099,37.63268893,45.47933304
0.45872047,41.75499680,37.79562703,45.71436658
0.46080543,41.95425145,37.95778222,45.95072068
0.46289038,42.15376879,38.11917349,46.18836408
0.46497534,42.35354263,38.27982016,46.42726511
0.46706030,42.55356677,38.43974178,46.66739176
0.46914525,42.75383496,38.59895809,46.90871182
0.47123021,42.95434091,38.75748894,47.15119287
0.47331516,43.15507832,38.91535425,47.39480240
0.47540012,43.35604086,39.07257392,47.63950780
0.47748508,43.55722215,39.22916780,47.88527650
0.47957003,43.75861580,39.38515567,48.13207593
0.48165499,43.96021538,39.54055714,48.37987362
0.48373995,44.16201445,39.69539167,48.62863723
0.48582490,44.36400652,39.84967847,48.87833456
0.48790986,44.56618509,40.00343656,49.12893361
0.48999481,44.76854363,40.15668466,49.38040261
0.49207977,44.97107560,40.30944120,49.63271001
0.49416473,45.17377442,40.46172431,49.88582453
0.49624968,45.37663349,40.61355180,50.13971519
0.49833464,45.57964620,40.76494112,50.39435128
0.50041960,45.78280591,40.91590938,50.64970244
0.50250455,45.98610596,41.06647332,50.90573861
0.50458951,46.18953968,41.21664931,51.16243006
0.50667447,46.39310038,41.36645334,51.41974741
0.50875942,46.59678133,41.51590104,51.67766162
0.51084438,46.80057582,41.66500764,51.93614401
0.51292933,47.00447711,41.81378799,52.19516624
0.51501429,47.20847845,41.96225655,52.45470034
0.51709925,47.41257305,42.11042742,52.71471867
0.51918420,47.61675414,42.25831431,52.97519398
0.52126916,47.82101493,42.40593054,53.23609933
0.52335412,48.02534862,42.55328908,53.49740815
0.52543907,48.22974839,42.70040254,53.75909423
0.52752403,48.43420741,42.84728313,54.02113169
0.52960898,48.63871887,42.99394275,54.28349499
0.53169394,48.84327592,43.14039292,54.54615892
0.53377890,49.04787171,43.28664482,54.80909861
0.53586385,49.25249941,43.43270931,55.07228951
0.53794881,49.45715216,43.57859690,55.33570741
0.54003377,49.66182310,43.72431780,55.59932840
0.54211872,49.86650537,43.86988187,55.86312887
0.54420368,50.07119212,44.01529870,56.12708553
0.54628864,50.27587648,44.16057755,56.39117541
0.54837359,50.48055159,44.30572740,56.65537579
0.55045855,50.68521061,44.45075693,56.91966428
0.55254350,50.88984665,44.59567456,57.18401875
0.55462846,51.09445289,44.74048840,57.44841737
0.55671342,51.29902245,44.88520634,57.71283857
0.55879837,51.50354851,45.02983596,57.97726106
0.56088333,51.70802422,45.17438464,58.24166380
0.56296829,51.91244275,45.31885946,58.50602603
0.56505324,52.11679727,45.46326730,58.77032723
0.56713820,52.32108097,45.60761478,59.03454715
0.56922315,52.52528704,45.75190831,59.29866577
0.57130811,52.72940869,45.89615406,59.56266331
0.57339307,52.93343912,46.04035799,59.82652026
0.57547802,53.13737158,46.18452585,60.09021731
0.57756298,53.34119929,46.32866318,60.35373541
0.57964794,53.54491552,46.47277532,60.61705572
0.58173289,53.74851353,46.61686743,60.88015963
0.58381785,53.95198661,46.76094445,61.14302877
0.58590281,54.15532805,46.90501115,61.40564495
0.58798776,54.35853118,47.04907212,61.66799025
0.59007272,54.56158934,47.19313176,61.93004692
0.59215767,54.76449588,47.33719432,62.19179743
0.59424263,54.96724418,47.48126386,62.45322449
0.59632759,55.16982763,47.62534429,62.71431097
0.59841254,55.37223965,47.76943933,62.97503998
0.60049750,55.57447370,47.91355259,63.23539481
0.60258246,55.77652322,48.05768748,63.49535897
0.60466741,55.97838172,48.20184729,63.75491616
