sample_id,station,core_code,treatment,meadow,period,ndvi_mean,ndvi_sd,ndvi_n_pixels,ndvi_raster
1AS,1,A,Treatment,Stable,2026-06-01,0.18151180,0.04203033,268,Data/MS_DRONE/REWRITE_Jim_18062026_Stable/Stable_062026_NDVI.tif
1NS,1,N,Control,Stable,2026-06-01,0.26632988,0.11303577,266,Data/MS_DRONE/REWRITE_Jim_18062026_Stable/Stable_062026_NDVI.tif
2AS,2,A,Treatment,Stable,2026-06-01,0.15858489,0.07868554,267,Data/MS_DRONE/REWRITE_Jim_18062026_Stable/Stable_062026_NDVI.tif
2NS,2,N,Control,Stable,2026-06-01,0.11989039,0.04052640,266,Data/MS_DRONE/REWRITE_Jim_18062026_Stable/Stable_062026_NDVI.tif
3AS,3,A,Treatment,Stable,2026-06-01,0.23400642,0.08958036,268,Data/MS_DRONE/REWRITE_Jim_18062026_Stable/Stable_062026_NDVI.tif
3NS,3,N,Control,Stable,2026-06-01,0.27007988,0.08485007,266,Data/MS_DRONE/REWRITE_Jim_18062026_Stable/Stable_062026_NDVI.tif
4AS,4,A,Treatment,Stable,2026-06-01,0.20638288,0.11239147,270,Data/MS_DRONE/REWRITE_Jim_18062026_Stable/Stable_062026_NDVI.tif
4NS,4,N,Control,Stable,2026-06-01,0.25933577,0.13380717,269,Data/MS_DRONE/REWRITE_Jim_18062026_Stable/Stable_062026_NDVI.tif
5AS,5,A,Treatment,Stable,2026-06-01,0.15146137,0.06507775,271,Data/MS_DRONE/REWRITE_Jim_18062026_Stable/Stable_062026_NDVI.tif
5NS,5,N,Control,Stable,2026-06-01,0.16633389,0.06715520,266,Data/MS_DRONE/REWRITE_Jim_18062026_Stable/Stable_062026_NDVI.tif
6AS,6,A,Treatment,Stable,2026-06-01,0.22681084,0.06382853,266,Data/MS_DRONE/REWRITE_Jim_18062026_Stable/Stable_062026_NDVI.tif
6NS,6,N,Control,Stable,2026-06-01,0.19621237,0.12263989,268,Data/MS_DRONE/REWRITE_Jim_18062026_Stable/Stable_062026_NDVI.tif
1AU,1,A,Treatment,Unstable,2026-06-01,0.17940052,0.04283867,255,Data/MS_DRONE/REWRITE_Jim_18062026_Unstable/Unstable_062026_NDVI.tif
1NU,1,N,Control,Unstable,2026-06-01,0.58443852,0.17354412,259,Data/MS_DRONE/REWRITE_Jim_18062026_Unstable/Unstable_062026_NDVI.tif
2AU,2,A,Treatment,Unstable,2026-06-01,0.15156510,0.06572392,258,Data/MS_DRONE/REWRITE_Jim_18062026_Unstable/Unstable_062026_NDVI.tif
2NU,2,N,Control,Unstable,2026-06-01,0.14161038,0.05878529,258,Data/MS_DRONE/REWRITE_Jim_18062026_Unstable/Unstable_062026_NDVI.tif
3AU,3,A,Treatment,Unstable,2026-06-01,0.19319633,0.11681207,253,Data/MS_DRONE/REWRITE_Jim_18062026_Unstable/Unstable_062026_NDVI.tif
3NU,3,N,Control,Unstable,2026-06-01,0.41860041,0.24988088,257,Data/MS_DRONE/REWRITE_Jim_18062026_Unstable/Unstable_062026_NDVI.tif
4AU,4,A,Treatment,Unstable,2026-06-01,0.22296921,0.08803332,259,Data/MS_DRONE/REWRITE_Jim_18062026_Unstable/Unstable_062026_NDVI.tif
4NU,4,N,Control,Unstable,2026-06-01,0.18677987,0.06026836,257,Data/MS_DRONE/REWRITE_Jim_18062026_Unstable/Unstable_062026_NDVI.tif
5AU,5,A,Treatment,Unstable,2026-06-01,0.13475792,0.03078392,255,Data/MS_DRONE/REWRITE_Jim_18062026_Unstable/Unstable_062026_NDVI.tif
5NU,5,N,Control,Unstable,2026-06-01,0.19176052,0.10417469,257,Data/MS_DRONE/REWRITE_Jim_18062026_Unstable/Unstable_062026_NDVI.tif
6AU,6,A,Treatment,Unstable,2026-06-01,0.58084816,0.09526830,258,Data/MS_DRONE/REWRITE_Jim_18062026_Unstable/Unstable_062026_NDVI.tif
6NU,6,N,Control,Unstable,2026-06-01,0.15234883,0.04771127,253,Data/MS_DRONE/REWRITE_Jim_18062026_Unstable/Unstable_062026_NDVI.tif
1AS,1,A,Treatment,Stable,2026-07-01,0.27863377,0.05112205,274,Data/MS_DRONE/REWRITE_Jim_25062026_Stable/Stable_072026_NDVI.tif
1NS,1,N,Control,Stable,2026-07-01,0.21704774,0.04008566,276,Data/MS_DRONE/REWRITE_Jim_25062026_Stable/Stable_072026_NDVI.tif
2AS,2,A,Treatment,Stable,2026-07-01,0.20116886,0.07986752,277,Data/MS_DRONE/REWRITE_Jim_25062026_Stable/Stable_072026_NDVI.tif
2NS,2,N,Control,Stable,2026-07-01,0.15473501,0.03859259,284,Data/MS_DRONE/REWRITE_Jim_25062026_Stable/Stable_072026_NDVI.tif
3AS,3,A,Treatment,Stable,2026-07-01,0.32979132,0.10457628,275,Data/MS_DRONE/REWRITE_Jim_25062026_Stable/Stable_072026_NDVI.tif
3NS,3,N,Control,Stable,2026-07-01,0.31514197,0.12065505,278,Data/MS_DRONE/REWRITE_Jim_25062026_Stable/Stable_072026_NDVI.tif
4AS,4,A,Treatment,Stable,2026-07-01,0.35294065,0.08040180,283,Data/MS_DRONE/REWRITE_Jim_25062026_Stable/Stable_072026_NDVI.tif
4NS,4,N,Control,Stable,2026-07-01,0.35267138,0.10719498,277,Data/MS_DRONE/REWRITE_Jim_25062026_Stable/Stable_072026_NDVI.tif
5AS,5,A,Treatment,Stable,2026-07-01,0.27612139,0.07409926,280,Data/MS_DRONE/REWRITE_Jim_25062026_Stable/Stable_072026_NDVI.tif
5NS,5,N,Control,Stable,2026-07-01,0.25571459,0.07872382,279,Data/MS_DRONE/REWRITE_Jim_25062026_Stable/Stable_072026_NDVI.tif
6AS,6,A,Treatment,Stable,2026-07-01,0.33123966,0.08283527,276,Data/MS_DRONE/REWRITE_Jim_25062026_Stable/Stable_072026_NDVI.tif
6NS,6,N,Control,Stable,2026-07-01,0.33107685,0.11281982,282,Data/MS_DRONE/REWRITE_Jim_25062026_Stable/Stable_072026_NDVI.tif
1AU,1,A,Treatment,Unstable,2026-07-01,0.37011025,0.10929494,265,Data/MS_DRONE/REWRITE_Jim_25062026_Unstable/Unstable_072026_NDVI.tif
1NU,1,N,Control,Unstable,2026-07-01,0.19134894,0.07393173,264,Data/MS_DRONE/REWRITE_Jim_25062026_Unstable/Unstable_072026_NDVI.tif
2AU,2,A,Treatment,Unstable,2026-07-01,0.37976402,0.07494436,267,Data/MS_DRONE/REWRITE_Jim_25062026_Unstable/Unstable_072026_NDVI.tif
2NU,2,N,Control,Unstable,2026-07-01,0.21341026,0.07322913,266,Data/MS_DRONE/REWRITE_Jim_25062026_Unstable/Unstable_072026_NDVI.tif
3AU,3,A,Treatment,Unstable,2026-07-01,0.20393790,0.06796479,268,Data/MS_DRONE/REWRITE_Jim_25062026_Unstable/Unstable_072026_NDVI.tif
3NU,3,N,Control,Unstable,2026-07-01,0.26898726,0.08768461,264,Data/MS_DRONE/REWRITE_Jim_25062026_Unstable/Unstable_072026_NDVI.tif
4AU,4,A,Treatment,Unstable,2026-07-01,0.29296316,0.09117232,269,Data/MS_DRONE/REWRITE_Jim_25062026_Unstable/Unstable_072026_NDVI.tif
4NU,4,N,Control,Unstable,2026-07-01,0.23969331,0.07024645,266,Data/MS_DRONE/REWRITE_Jim_25062026_Unstable/Unstable_072026_NDVI.tif
5AU,5,A,Treatment,Unstable,2026-07-01,0.23121053,0.06819051,266,Data/MS_DRONE/REWRITE_Jim_25062026_Unstable/Unstable_072026_NDVI.tif
5NU,5,N,Control,Unstable,2026-07-01,0.28159786,0.07150732,264,Data/MS_DRONE/REWRITE_Jim_25062026_Unstable/Unstable_072026_NDVI.tif
6AU,6,A,Treatment,Unstable,2026-07-01,0.35492727,0.06702965,267,Data/MS_DRONE/REWRITE_Jim_25062026_Unstable/Unstable_072026_NDVI.tif
6NU,6,N,Control,Unstable,2026-07-01,0.26398294,0.07485259,266,Data/MS_DRONE/REWRITE_Jim_25062026_Unstable/Unstable_072026_NDVI.tif
1AS,1,A,Treatment,Stable,2026-08-01,0.19938434,0.07786147,273,Data/MS_DRONE/REWRITE_Jim_27082026_Stable/Stable_082026_NDVI.tif
1NS,1,N,Control,Stable,2026-08-01,0.32215450,0.03859582,270,Data/MS_DRONE/REWRITE_Jim_27082026_Stable/Stable_082026_NDVI.tif
2AS,2,A,Treatment,Stable,2026-08-01,0.37718854,0.07600007,268,Data/MS_DRONE/REWRITE_Jim_27082026_Stable/Stable_082026_NDVI.tif
2NS,2,N,Control,Stable,2026-08-01,0.21897097,0.06099251,270,Data/MS_DRONE/REWRITE_Jim_27082026_Stable/Stable_082026_NDVI.tif
3AS,3,A,Treatment,Stable,2026-08-01,0.45594779,0.07672630,271,Data/MS_DRONE/REWRITE_Jim_27082026_Stable/Stable_082026_NDVI.tif
3NS,3,N,Control,Stable,2026-08-01,0.44602221,0.07405422,268,Data/MS_DRONE/REWRITE_Jim_27082026_Stable/Stable_082026_NDVI.tif
4AS,4,A,Treatment,Stable,2026-08-01,0.46440041,0.07295256,269,Data/MS_DRONE/REWRITE_Jim_27082026_Stable/Stable_082026_NDVI.tif
4NS,4,N,Control,Stable,2026-08-01,0.42738549,0.05873995,273,Data/MS_DRONE/REWRITE_Jim_27082026_Stable/Stable_082026_NDVI.tif
5AS,5,A,Treatment,Stable,2026-08-01,0.44349132,0.07513172,268,Data/MS_DRONE/REWRITE_Jim_27082026_Stable/Stable_082026_NDVI.tif
5NS,5,N,Control,Stable,2026-08-01,0.22802870,0.05677901,269,Data/MS_DRONE/REWRITE_Jim_27082026_Stable/Stable_082026_NDVI.tif
6AS,6,A,Treatment,Stable,2026-08-01,0.37834610,0.07097597,268,Data/MS_DRONE/REWRITE_Jim_27082026_Stable/Stable_082026_NDVI.tif
6NS,6,N,Control,Stable,2026-08-01,0.39572202,0.07463456,270,Data/MS_DRONE/REWRITE_Jim_27082026_Stable/Stable_082026_NDVI.tif
1AU,1,A,Treatment,Unstable,2026-08-01,0.16432487,0.03217646,249,Data/MS_DRONE/REWRITE_Jim_27082026_Unstable/Unstable_082026_NDVI.tif
1NU,1,N,Control,Unstable,2026-08-01,0.37286687,0.08975813,246,Data/MS_DRONE/REWRITE_Jim_27082026_Unstable/Unstable_082026_NDVI.tif
2AU,2,A,Treatment,Unstable,2026-08-01,0.43596115,0.07293871,247,Data/MS_DRONE/REWRITE_Jim_27082026_Unstable/Unstable_082026_NDVI.tif
2NU,2,N,Control,Unstable,2026-08-01,0.36835457,0.11807935,247,Data/MS_DRONE/REWRITE_Jim_27082026_Unstable/Unstable_082026_NDVI.tif
3AU,3,A,Treatment,Unstable,2026-08-01,0.25542572,0.08163539,252,Data/MS_DRONE/REWRITE_Jim_27082026_Unstable/Unstable_082026_NDVI.tif
3NU,3,N,Control,Unstable,2026-08-01,0.33041419,0.07860596,249,Data/MS_DRONE/REWRITE_Jim_27082026_Unstable/Unstable_082026_NDVI.tif
4AU,4,A,Treatment,Unstable,2026-08-01,0.37991046,0.08314853,248,Data/MS_DRONE/REWRITE_Jim_27082026_Unstable/Unstable_082026_NDVI.tif
4NU,4,N,Control,Unstable,2026-08-01,0.30539456,0.06267531,247,Data/MS_DRONE/REWRITE_Jim_27082026_Unstable/Unstable_082026_NDVI.tif
5AU,5,A,Treatment,Unstable,2026-08-01,0.16297115,0.06571612,247,Data/MS_DRONE/REWRITE_Jim_27082026_Unstable/Unstable_082026_NDVI.tif
5NU,5,N,Control,Unstable,2026-08-01,0.35196801,0.11105589,245,Data/MS_DRONE/REWRITE_Jim_27082026_Unstable/Unstable_082026_NDVI.tif
6AU,6,A,Treatment,Unstable,2026-08-01,0.37656267,0.06324274,250,Data/MS_DRONE/REWRITE_Jim_27082026_Unstable/Unstable_082026_NDVI.tif
6NU,6,N,Control,Unstable,2026-08-01,0.17302232,0.04618646,251,Data/MS_DRONE/REWRITE_Jim_27082026_Unstable/Unstable_082026_NDVI.tif
1AS,1,A,Treatment,Stable,2026-09-01,0.32960432,0.05481266,76,Data/MS_DRONE/REWRITE_Jim_08092026_Stable/Stable_092026_NDVI.tif
1NS,1,N,Control,Stable,2026-09-01,0.37741057,0.03138645,76,Data/MS_DRONE/REWRITE_Jim_08092026_Stable/Stable_092026_NDVI.tif
2AS,2,A,Treatment,Stable,2026-09-01,0.27216761,0.05513714,76,Data/MS_DRONE/REWRITE_Jim_08092026_Stable/Stable_092026_NDVI.tif
2NS,2,N,Control,Stable,2026-09-01,0.21691042,0.03974360,74,Data/MS_DRONE/REWRITE_Jim_08092026_Stable/Stable_092026_NDVI.tif
3AS,3,A,Treatment,Stable,2026-09-01,0.60466741,0.03148077,72,Data/MS_DRONE/REWRITE_Jim_08092026_Stable/Stable_092026_NDVI.tif
3NS,3,N,Control,Stable,2026-09-01,0.54006152,0.04545772,76,Data/MS_DRONE/REWRITE_Jim_08092026_Stable/Stable_092026_NDVI.tif
4AS,4,A,Treatment,Stable,2026-09-01,0.51622600,0.05390839,77,Data/MS_DRONE/REWRITE_Jim_08092026_Stable/Stable_092026_NDVI.tif
4NS,4,N,Control,Stable,2026-09-01,0.45598854,0.03919751,75,Data/MS_DRONE/REWRITE_Jim_08092026_Stable/Stable_092026_NDVI.tif
5AS,5,A,Treatment,Stable,2026-09-01,0.53884139,0.06104363,73,Data/MS_DRONE/REWRITE_Jim_08092026_Stable/Stable_092026_NDVI.tif
5NS,5,N,Control,Stable,2026-09-01,0.27033730,0.04095913,76,Data/MS_DRONE/REWRITE_Jim_08092026_Stable/Stable_092026_NDVI.tif
6AS,6,A,Treatment,Stable,2026-09-01,0.46435187,0.03895698,74,Data/MS_DRONE/REWRITE_Jim_08092026_Stable/Stable_092026_NDVI.tif
6NS,6,N,Control,Stable,2026-09-01,0.47483761,0.05108180,74,Data/MS_DRONE/REWRITE_Jim_08092026_Stable/Stable_092026_NDVI.tif
1AU,1,A,Treatment,Unstable,2026-09-01,0.18976111,0.03146748,249,Data/MS_DRONE/REWRITE_Jim_08092026_Unstable/Unstable_092026_NDVI.tif
1NU,1,N,Control,Unstable,2026-09-01,0.45391707,0.07707165,247,Data/MS_DRONE/REWRITE_Jim_08092026_Unstable/Unstable_092026_NDVI.tif
2AU,2,A,Treatment,Unstable,2026-09-01,0.40072488,0.08183973,252,Data/MS_DRONE/REWRITE_Jim_08092026_Unstable/Unstable_092026_NDVI.tif
2NU,2,N,Control,Unstable,2026-09-01,0.40357146,0.10405366,245,Data/MS_DRONE/REWRITE_Jim_08092026_Unstable/Unstable_092026_NDVI.tif
3AU,3,A,Treatment,Unstable,2026-09-01,0.37983082,0.06912598,248,Data/MS_DRONE/REWRITE_Jim_08092026_Unstable/Unstable_092026_NDVI.tif
3NU,3,N,Control,Unstable,2026-09-01,0.32818319,0.05769021,246,Data/MS_DRONE/REWRITE_Jim_08092026_Unstable/Unstable_092026_NDVI.tif
4AU,4,A,Treatment,Unstable,2026-09-01,0.43024883,0.06954396,251,Data/MS_DRONE/REWRITE_Jim_08092026_Unstable/Unstable_092026_NDVI.tif
4NU,4,N,Control,Unstable,2026-09-01,0.35677893,0.06934270,253,Data/MS_DRONE/REWRITE_Jim_08092026_Unstable/Unstable_092026_NDVI.tif
5AU,5,A,Treatment,Unstable,2026-09-01,0.24408894,0.08468551,248,Data/MS_DRONE/REWRITE_Jim_08092026_Unstable/Unstable_092026_NDVI.tif
5NU,5,N,Control,Unstable,2026-09-01,0.36790149,0.07483314,245,Data/MS_DRONE/REWRITE_Jim_08092026_Unstable/Unstable_092026_NDVI.tif
6AU,6,A,Treatment,Unstable,2026-09-01,0.40728409,0.05743141,251,Data/MS_DRONE/REWRITE_Jim_08092026_Unstable/Unstable_092026_NDVI.tif
6NU,6,N,Control,Unstable,2026-09-01,0.21482289,0.04913804,248,Data/MS_DRONE/REWRITE_Jim_08092026_Unstable/Unstable_092026_NDVI.tif
